,precision,recall,f1-score,support
buffalo_alambadi,1.0,0.9714285714285714,0.9855072463768116,35.0
buffalo_banni,0.7692307692307693,0.9523809523809523,0.851063829787234,21.0
buffalo_bargur,0.2777777777777778,0.2777777777777778,0.2777777777777778,18.0
buffalo_bhadawari,0.84,0.875,0.8571428571428571,24.0
buffalo_jaffarabadi,0.8636363636363636,0.9047619047619048,0.8837209302325582,21.0
buffalo_mehsana,0.7647058823529411,0.7222222222222222,0.7428571428571429,18.0
buffalo_murrah,0.9259259259259259,0.7352941176470589,0.819672131147541,34.0
buffalo_nagpuri,0.6216216216216216,0.7666666666666667,0.6865671641791045,30.0
buffalo_nili_ravi,1.0,0.8125,0.896551724137931,16.0
buffalo_surti,0.7142857142857143,1.0,0.8333333333333334,10.0
buffalo_toda,0.6153846153846154,0.6666666666666666,0.64,12.0
cattle_amritmahal,0.7916666666666666,0.6785714285714286,0.7307692307692307,28.0
cattle_ayrshire,0.875,1.0,0.9333333333333333,63.0
cattle_bachaur,0.5384615384615384,0.6363636363636364,0.5833333333333334,11.0
cattle_badri,0.6666666666666666,0.4,0.5,10.0
cattle_bargur,0.1875,0.2,0.1935483870967742,15.0
cattle_belahi,1.0,1.0,1.0,12.0
cattle_brown_swiss,0.9230769230769231,0.9,0.9113924050632911,40.0
cattle_dangi,1.0,0.9285714285714286,0.9629629629629629,14.0
cattle_deoni,0.8888888888888888,0.8888888888888888,0.8888888888888888,27.0
cattle_gangatiri,0.36363636363636365,0.3333333333333333,0.34782608695652173,12.0
cattle_gaolao,0.6363636363636364,0.5,0.56,14.0
cattle_ghumusari,0.7058823529411765,0.8,0.75,15.0
cattle_gir,0.9245283018867925,0.8596491228070176,0.8909090909090909,57.0
cattle_guernsey,1.0,0.875,0.9333333333333333,24.0
cattle_hallikar,0.9090909090909091,0.47619047619047616,0.625,21.0
cattle_hariana,0.9333333333333333,0.7368421052631579,0.8235294117647058,19.0
cattle_himachali_pahari,0.7142857142857143,0.6666666666666666,0.6896551724137931,15.0
cattle_holstein-friesian,0.9074074074074074,0.9074074074074074,0.9074074074074074,54.0
cattle_jersey,0.9024390243902439,0.9487179487179487,0.925,39.0
cattle_kangayam,0.7777777777777778,0.875,0.8235294117647058,16.0
cattle_kankrej,0.9310344827586207,0.8709677419354839,0.9,31.0
cattle_khariar,0.7777777777777778,0.5,0.6086956521739131,14.0
cattle_khillar,0.7083333333333334,0.85,0.7727272727272727,20.0
cattle_konkan_kapila,0.8181818181818182,0.6923076923076923,0.75,13.0
cattle_kosali,0.9090909090909091,0.8333333333333334,0.8695652173913043,12.0
cattle_krishna_valley,0.7272727272727273,0.96,0.8275862068965517,25.0
cattle_ladakhi,0.75,0.6923076923076923,0.72,13.0
cattle_malnad_gidda,0.8888888888888888,0.8421052631578947,0.8648648648648649,19.0
cattle_malvi,0.4444444444444444,0.5333333333333333,0.48484848484848486,15.0
cattle_mewati,0.8518518518518519,0.9583333333333334,0.9019607843137255,24.0
cattle_motu,0.8333333333333334,0.8823529411764706,0.8571428571428571,17.0
cattle_nagori,0.8125,0.9285714285714286,0.8666666666666667,14.0
cattle_nari,0.7333333333333333,0.6470588235294118,0.6875,17.0
cattle_nimari,1.0,0.7857142857142857,0.88,14.0
cattle_ongole,0.7575757575757576,0.6944444444444444,0.7246376811594203,36.0
cattle_poda_thurpu,0.8947368421052632,0.8947368421052632,0.8947368421052632,19.0
cattle_ponwar,0.9473684210526315,0.8571428571428571,0.9,21.0
cattle_pulikulam,0.6666666666666666,0.7058823529411765,0.6857142857142857,17.0
cattle_punganur,0.8461538461538461,0.6470588235294118,0.7333333333333333,17.0
cattle_purnea,0.9047619047619048,1.0,0.95,19.0
cattle_rathi,0.9166666666666666,0.9565217391304348,0.9361702127659575,23.0
cattle_red_dane,0.8709677419354839,0.8709677419354839,0.8709677419354839,31.0
cattle_red_kandhari,0.7727272727272727,0.9444444444444444,0.85,18.0
cattle_red_sindhi,1.0,0.7777777777777778,0.875,27.0
cattle_sahiwal,0.7916666666666666,0.926829268292683,0.8539325842696629,41.0
cattle_shweta_kapila,0.5714285714285714,0.5217391304347826,0.5454545454545454,23.0
cattle_siri,0.9,0.9473684210526315,0.9230769230769231,19.0
cattle_tharparkar,0.825,0.9428571428571428,0.88,35.0
cattle_thutho,0.75,0.8823529411764706,0.8108108108108109,17.0
cattle_umblachery,1.0,0.8181818181818182,0.9,11.0
cattle_vechur,0.8461538461538461,0.9166666666666666,0.88,24.0
accuracy,0.8159597411933861,0.8159597411933861,0.8159597411933861,0.8159597411933861
macro avg,0.7981692141814739,0.7835041871475331,0.7848387993648548,1391.0
weighted avg,0.822668657404371,0.8159597411933861,0.8141729945605974,1391.0
