category,breed,image_count,folder_path
cattle,amritmahal,282,D:\B.Tech\CE-AI\Sem 7\MP\Datasets\Custom_data\clean_images\cattle\amritmahal
cattle,ayrshire,627,D:\B.Tech\CE-AI\Sem 7\MP\Datasets\Custom_data\clean_images\cattle\ayrshire
cattle,bachaur,117,D:\B.Tech\CE-AI\Sem 7\MP\Datasets\Custom_data\clean_images\cattle\bachaur
cattle,badri,105,D:\B.Tech\CE-AI\Sem 7\MP\Datasets\Custom_data\clean_images\cattle\badri
cattle,bargur,156,D:\B.Tech\CE-AI\Sem 7\MP\Datasets\Custom_data\clean_images\cattle\bargur
cattle,belahi,121,D:\B.Tech\CE-AI\Sem 7\MP\Datasets\Custom_data\clean_images\cattle\belahi
cattle,brown_swiss,401,D:\B.Tech\CE-AI\Sem 7\MP\Datasets\Custom_data\clean_images\cattle\brown_swiss
cattle,dangi,140,D:\B.Tech\CE-AI\Sem 7\MP\Datasets\Custom_data\clean_images\cattle\dangi
cattle,deoni,266,D:\B.Tech\CE-AI\Sem 7\MP\Datasets\Custom_data\clean_images\cattle\deoni
cattle,gangatiri,126,D:\B.Tech\CE-AI\Sem 7\MP\Datasets\Custom_data\clean_images\cattle\gangatiri
cattle,gaolao,143,D:\B.Tech\CE-AI\Sem 7\MP\Datasets\Custom_data\clean_images\cattle\gaolao
cattle,ghumusari,151,D:\B.Tech\CE-AI\Sem 7\MP\Datasets\Custom_data\clean_images\cattle\ghumusari
cattle,gir,569,D:\B.Tech\CE-AI\Sem 7\MP\Datasets\Custom_data\clean_images\cattle\gir
cattle,guernsey,234,D:\B.Tech\CE-AI\Sem 7\MP\Datasets\Custom_data\clean_images\cattle\guernsey
cattle,hallikar,212,D:\B.Tech\CE-AI\Sem 7\MP\Datasets\Custom_data\clean_images\cattle\hallikar
cattle,hariana,188,D:\B.Tech\CE-AI\Sem 7\MP\Datasets\Custom_data\clean_images\cattle\hariana
cattle,himachali_pahari,157,D:\B.Tech\CE-AI\Sem 7\MP\Datasets\Custom_data\clean_images\cattle\himachali_pahari
cattle,holstein-friesian,541,D:\B.Tech\CE-AI\Sem 7\MP\Datasets\Custom_data\clean_images\cattle\holstein-friesian
cattle,jersey,391,D:\B.Tech\CE-AI\Sem 7\MP\Datasets\Custom_data\clean_images\cattle\jersey
cattle,kangayam,164,D:\B.Tech\CE-AI\Sem 7\MP\Datasets\Custom_data\clean_images\cattle\kangayam
cattle,kankrej,310,D:\B.Tech\CE-AI\Sem 7\MP\Datasets\Custom_data\clean_images\cattle\kankrej
cattle,khariar,143,D:\B.Tech\CE-AI\Sem 7\MP\Datasets\Custom_data\clean_images\cattle\khariar
cattle,khillar,200,D:\B.Tech\CE-AI\Sem 7\MP\Datasets\Custom_data\clean_images\cattle\khillar
cattle,konkan_kapila,136,D:\B.Tech\CE-AI\Sem 7\MP\Datasets\Custom_data\clean_images\cattle\konkan_kapila
cattle,kosali,126,D:\B.Tech\CE-AI\Sem 7\MP\Datasets\Custom_data\clean_images\cattle\kosali
cattle,krishna_valley,246,D:\B.Tech\CE-AI\Sem 7\MP\Datasets\Custom_data\clean_images\cattle\krishna_valley
cattle,ladakhi,129,D:\B.Tech\CE-AI\Sem 7\MP\Datasets\Custom_data\clean_images\cattle\ladakhi
cattle,malnad_gidda,187,D:\B.Tech\CE-AI\Sem 7\MP\Datasets\Custom_data\clean_images\cattle\malnad_gidda
cattle,malvi,157,D:\B.Tech\CE-AI\Sem 7\MP\Datasets\Custom_data\clean_images\cattle\malvi
cattle,mewati,238,D:\B.Tech\CE-AI\Sem 7\MP\Datasets\Custom_data\clean_images\cattle\mewati
cattle,motu,174,D:\B.Tech\CE-AI\Sem 7\MP\Datasets\Custom_data\clean_images\cattle\motu
cattle,nagori,139,D:\B.Tech\CE-AI\Sem 7\MP\Datasets\Custom_data\clean_images\cattle\nagori
cattle,nari,169,D:\B.Tech\CE-AI\Sem 7\MP\Datasets\Custom_data\clean_images\cattle\nari
cattle,nimari,142,D:\B.Tech\CE-AI\Sem 7\MP\Datasets\Custom_data\clean_images\cattle\nimari
cattle,ongole,354,D:\B.Tech\CE-AI\Sem 7\MP\Datasets\Custom_data\clean_images\cattle\ongole
cattle,poda_thurpu,183,D:\B.Tech\CE-AI\Sem 7\MP\Datasets\Custom_data\clean_images\cattle\poda_thurpu
cattle,ponwar,209,D:\B.Tech\CE-AI\Sem 7\MP\Datasets\Custom_data\clean_images\cattle\ponwar
cattle,pulikulam,176,D:\B.Tech\CE-AI\Sem 7\MP\Datasets\Custom_data\clean_images\cattle\pulikulam
cattle,punganur,168,D:\B.Tech\CE-AI\Sem 7\MP\Datasets\Custom_data\clean_images\cattle\punganur
cattle,purnea,191,D:\B.Tech\CE-AI\Sem 7\MP\Datasets\Custom_data\clean_images\cattle\purnea
cattle,rathi,230,D:\B.Tech\CE-AI\Sem 7\MP\Datasets\Custom_data\clean_images\cattle\rathi
cattle,red_dane,307,D:\B.Tech\CE-AI\Sem 7\MP\Datasets\Custom_data\clean_images\cattle\red_dane
cattle,red_kandhari,180,D:\B.Tech\CE-AI\Sem 7\MP\Datasets\Custom_data\clean_images\cattle\red_kandhari
cattle,red_sindhi,263,D:\B.Tech\CE-AI\Sem 7\MP\Datasets\Custom_data\clean_images\cattle\red_sindhi
cattle,sahiwal,404,D:\B.Tech\CE-AI\Sem 7\MP\Datasets\Custom_data\clean_images\cattle\sahiwal
cattle,shweta_kapila,226,D:\B.Tech\CE-AI\Sem 7\MP\Datasets\Custom_data\clean_images\cattle\shweta_kapila
cattle,siri,186,D:\B.Tech\CE-AI\Sem 7\MP\Datasets\Custom_data\clean_images\cattle\siri
cattle,tharparkar,344,D:\B.Tech\CE-AI\Sem 7\MP\Datasets\Custom_data\clean_images\cattle\tharparkar
cattle,thutho,174,D:\B.Tech\CE-AI\Sem 7\MP\Datasets\Custom_data\clean_images\cattle\thutho
cattle,umblachery,111,D:\B.Tech\CE-AI\Sem 7\MP\Datasets\Custom_data\clean_images\cattle\umblachery
cattle,vechur,234,D:\B.Tech\CE-AI\Sem 7\MP\Datasets\Custom_data\clean_images\cattle\vechur
buffalo,alambadi,350,D:\B.Tech\CE-AI\Sem 7\MP\Datasets\Custom_data\clean_images\buffalo\alambadi
buffalo,banni,206,D:\B.Tech\CE-AI\Sem 7\MP\Datasets\Custom_data\clean_images\buffalo\banni
buffalo,bargur,179,D:\B.Tech\CE-AI\Sem 7\MP\Datasets\Custom_data\clean_images\buffalo\bargur
buffalo,bhadawari,235,D:\B.Tech\CE-AI\Sem 7\MP\Datasets\Custom_data\clean_images\buffalo\bhadawari
buffalo,jaffarabadi,207,D:\B.Tech\CE-AI\Sem 7\MP\Datasets\Custom_data\clean_images\buffalo\jaffarabadi
buffalo,mehsana,179,D:\B.Tech\CE-AI\Sem 7\MP\Datasets\Custom_data\clean_images\buffalo\mehsana
buffalo,murrah,341,D:\B.Tech\CE-AI\Sem 7\MP\Datasets\Custom_data\clean_images\buffalo\murrah
buffalo,nagpuri,292,D:\B.Tech\CE-AI\Sem 7\MP\Datasets\Custom_data\clean_images\buffalo\nagpuri
buffalo,nili_ravi,160,D:\B.Tech\CE-AI\Sem 7\MP\Datasets\Custom_data\clean_images\buffalo\nili_ravi
buffalo,surti,106,D:\B.Tech\CE-AI\Sem 7\MP\Datasets\Custom_data\clean_images\buffalo\surti
buffalo,toda,119,D:\B.Tech\CE-AI\Sem 7\MP\Datasets\Custom_data\clean_images\buffalo\toda
