class,precision,recall,f1_score,support
cattle_gangatiri,0.4,0.10526315789473684,0.16666666666666666,19
buffalo_bargur,0.36363636363636365,0.14814814814814814,0.21052631578947367,27
cattle_gaolao,0.5384615384615384,0.3333333333333333,0.4117647058823529,21
cattle_bachaur,0.5714285714285714,0.4444444444444444,0.5,18
cattle_bargur,0.4146341463414634,0.7083333333333334,0.5230769230769231,24
cattle_ghumusari,0.5416666666666666,0.5909090909090909,0.5652173913043478,22
cattle_malvi,0.5357142857142857,0.625,0.5769230769230769,24
cattle_shweta_kapila,0.5365853658536586,0.6470588235294118,0.5866666666666667,34
cattle_badri,0.5882352941176471,0.625,0.6060606060606061,16
buffalo_toda,0.6470588235294118,0.6111111111111112,0.6285714285714286,18
cattle_pulikulam,0.8095238095238095,0.6296296296296297,0.7083333333333334,27
cattle_thutho,0.7037037037037037,0.7307692307692307,0.7169811320754716,26
cattle_himachali_pahari,0.875,0.6086956521739131,0.717948717948718,23
cattle_kosali,0.8571428571428571,0.631578947368421,0.7272727272727273,19
cattle_konkan_kapila,0.7142857142857143,0.75,0.7317073170731707,20
cattle_hariana,0.75,0.75,0.75,28
cattle_hallikar,0.8461538461538461,0.6875,0.7586206896551724,32
cattle_punganur,0.8181818181818182,0.72,0.7659574468085106,25
cattle_nari,0.7692307692307693,0.7692307692307693,0.7692307692307693,26
buffalo_mehsana,0.6857142857142857,0.8888888888888888,0.7741935483870968,27
buffalo_murrah,0.8085106382978723,0.7450980392156863,0.7755102040816326,51
buffalo_nagpuri,0.8461538461538461,0.717391304347826,0.7764705882352941,46
buffalo_surti,0.6666666666666666,0.9411764705882353,0.7804878048780488,17
cattle_krishna_valley,0.7692307692307693,0.8108108108108109,0.7894736842105263,37
cattle_ladakhi,0.7083333333333334,0.8947368421052632,0.7906976744186046,19
cattle_khariar,0.7037037037037037,0.9047619047619048,0.7916666666666666,21
cattle_red_dane,0.7872340425531915,0.8043478260869565,0.7956989247311828,46
cattle_red_sindhi,0.8378378378378378,0.775,0.8051948051948052,40
cattle_guernsey,0.7380952380952381,0.8857142857142857,0.8051948051948052,35
buffalo_nili_ravi,0.8260869565217391,0.7916666666666666,0.8085106382978723,24
cattle_nagori,0.8095238095238095,0.8095238095238095,0.8095238095238095,21
buffalo_banni,0.7878787878787878,0.8387096774193549,0.8125,31
buffalo_bhadawari,0.7560975609756098,0.8857142857142857,0.8157894736842105,35
cattle_sahiwal,0.7846153846153846,0.85,0.816,60
cattle_siri,0.7575757575757576,0.8928571428571429,0.819672131147541,28
cattle_tharparkar,0.8367346938775511,0.803921568627451,0.82,51
cattle_ongole,0.8571428571428571,0.7924528301886793,0.8235294117647058,53
cattle_motu,0.7352941176470589,0.9615384615384616,0.8333333333333334,26
cattle_vechur,0.8108108108108109,0.8571428571428571,0.8333333333333334,35
cattle_rathi,0.875,0.8,0.835820895522388,35
cattle_red_kandhari,0.8214285714285714,0.8518518518518519,0.8363636363636363,27
cattle_amritmahal,0.7692307692307693,0.9302325581395349,0.8421052631578947,43
cattle_kangayam,0.7857142857142857,0.9166666666666666,0.8461538461538461,24
cattle_holstein-friesian,0.927536231884058,0.7901234567901234,0.8533333333333334,81
cattle_ponwar,0.84375,0.8709677419354839,0.8571428571428571,31
cattle_nimari,0.8333333333333334,0.9090909090909091,0.8695652173913043,22
cattle_khillar,0.8235294117647058,0.9333333333333333,0.875,30
cattle_jersey,0.8793103448275862,0.8793103448275862,0.8793103448275862,58
cattle_umblachery,0.8823529411764706,0.8823529411764706,0.8823529411764706,17
cattle_brown_swiss,0.9444444444444444,0.85,0.8947368421052632,60
cattle_mewati,0.85,0.9444444444444444,0.8947368421052632,36
cattle_ayrshire,0.9318181818181818,0.8723404255319149,0.9010989010989011,94
cattle_gir,0.926829268292683,0.8837209302325582,0.9047619047619048,86
cattle_dangi,1.0,0.8571428571428571,0.9230769230769231,21
cattle_kankrej,0.9347826086956522,0.9148936170212766,0.9247311827956989,47
cattle_malnad_gidda,0.875,1.0,0.9333333333333333,28
cattle_purnea,0.9032258064516129,0.9655172413793104,0.9333333333333333,29
buffalo_jaffarabadi,1.0,0.90625,0.9508196721311475,32
cattle_deoni,0.9743589743589743,0.95,0.9620253164556962,40
cattle_belahi,0.9473684210526315,1.0,0.972972972972973,18
buffalo_alambadi,0.9811320754716981,1.0,0.9904761904761905,52
cattle_poda_thurpu,1.0,1.0,1.0,27
